{"metadata":{"kernel_spec":{"name":"SQL","language":"sql","display_name":"SQL"},"language_info":{"name":"sql","version":""}},"nbformat":4,"nbformat_minor":2,"cells":[{"cell_type":"markdown","source":["# [dbo].[__EFMigrationsHistory]"],"metadata":{"urn":"Server[@Name='Hi\\SQLEXPRESS01']/Database[@Name='DBBookingTicket']/Table[@Name='__EFMigrationsHistory' and @Schema='dbo']","object_type":"Table"}},{"outputs":[],"execution_count":0,"cell_type":"code","source":["USE [DBBookingTicket]\r\n","GO\r\n"],"metadata":{"urn":"Server[@Name='Hi\\SQLEXPRESS01']/Database[@Name='DBBookingTicket']/Table[@Name='__EFMigrationsHistory' and @Schema='dbo']","object_type":"Table"}},{"outputs":[],"execution_count":0,"cell_type":"code","source":["/****** Object:  Table [dbo].[__EFMigrationsHistory]    Script Date: 4/2/2026 11:48:38 AM ******/\r\nSET ANSI_NULLS ON\r\n","GO\r\n","SET QUOTED_IDENTIFIER ON\r\n","GO\r\n","CREATE TABLE [dbo].[__EFMigrationsHistory](\r\n\t[MigrationId] [nvarchar](150) NOT NULL,\r\n\t[ProductVersion] [nvarchar](32) NOT NULL,\r\n CONSTRAINT [PK___EFMigrationsHistory] PRIMARY KEY CLUSTERED \r\n(\r\n\t[MigrationId] ASC\r\n)WITH (PAD_INDEX = OFF, STATISTICS_NORECOMPUTE = OFF, IGNORE_DUP_KEY = OFF, ALLOW_ROW_LOCKS = ON, ALLOW_PAGE_LOCKS = ON, OPTIMIZE_FOR_SEQUENTIAL_KEY = OFF) ON [PRIMARY]\r\n) ON [PRIMARY]\r\nGO\r\n"],"metadata":{"urn":"Server[@Name='Hi\\SQLEXPRESS01']/Database[@Name='DBBookingTicket']/Table[@Name='__EFMigrationsHistory' and @Schema='dbo']","object_type":"Table"}},{"cell_type":"markdown","source":["# [dbo].[AspNetRoleClaims]"],"metadata":{"urn":"Server[@Name='Hi\\SQLEXPRESS01']/Database[@Name='DBBookingTicket']/Table[@Name='AspNetRoleClaims' and @Schema='dbo']","object_type":"Table"}},{"outputs":[],"execution_count":0,"cell_type":"code","source":["/****** Object:  Table [dbo].[AspNetRoleClaims]    Script Date: 4/2/2026 11:48:38 AM ******/\r\nSET ANSI_NULLS ON\r\n","GO\r\n","SET QUOTED_IDENTIFIER ON\r\n","GO\r\n","CREATE TABLE [dbo].[AspNetRoleClaims](\r\n\t[Id] [int] IDENTITY(1,1) NOT NULL,\r\n\t[RoleId] [nvarchar](450) NOT NULL,\r\n\t[ClaimType] [nvarchar](max) NULL,\r\n\t[ClaimValue] [nvarchar](max) NULL,\r\n CONSTRAINT [PK_AspNetRoleClaims] PRIMARY KEY CLUSTERED \r\n(\r\n\t[Id] ASC\r\n)WITH (PAD_INDEX = OFF, STATISTICS_NORECOMPUTE = OFF, IGNORE_DUP_KEY = OFF, ALLOW_ROW_LOCKS = ON, ALLOW_PAGE_LOCKS = ON, OPTIMIZE_FOR_SEQUENTIAL_KEY = OFF) ON [PRIMARY]\r\n) ON [PRIMARY] TEXTIMAGE_ON [PRIMARY]\r\nGO\r\n"],"metadata":{"urn":"Server[@Name='Hi\\SQLEXPRESS01']/Database[@Name='DBBookingTicket']/Table[@Name='AspNetRoleClaims' and @Schema='dbo']","object_type":"Table"}},{"cell_type":"markdown","source":["# [dbo].[AspNetRoles]"],"metadata":{"urn":"Server[@Name='Hi\\SQLEXPRESS01']/Database[@Name='DBBookingTicket']/Table[@Name='AspNetRoles' and @Schema='dbo']","object_type":"Table"}},{"outputs":[],"execution_count":0,"cell_type":"code","source":["/****** Object:  Table [dbo].[AspNetRoles]    Script Date: 4/2/2026 11:48:38 AM ******/\r\nSET ANSI_NULLS ON\r\n","GO\r\n","SET QUOTED_IDENTIFIER ON\r\n","GO\r\n","CREATE TABLE [dbo].[AspNetRoles](\r\n\t[Id] [nvarchar](450) NOT NULL,\r\n\t[Name] [nvarchar](256) NULL,\r\n\t[NormalizedName] [nvarchar](256) NULL,\r\n\t[ConcurrencyStamp] [nvarchar](max) NULL,\r\n CONSTRAINT [PK_AspNetRoles] PRIMARY KEY CLUSTERED \r\n(\r\n\t[Id] ASC\r\n)WITH (PAD_INDEX = OFF, STATISTICS_NORECOMPUTE = OFF, IGNORE_DUP_KEY = OFF, ALLOW_ROW_LOCKS = ON, ALLOW_PAGE_LOCKS = ON, OPTIMIZE_FOR_SEQUENTIAL_KEY = OFF) ON [PRIMARY]\r\n) ON [PRIMARY] TEXTIMAGE_ON [PRIMARY]\r\nGO\r\n"],"metadata":{"urn":"Server[@Name='Hi\\SQLEXPRESS01']/Database[@Name='DBBookingTicket']/Table[@Name='AspNetRoles' and @Schema='dbo']","object_type":"Table"}},{"cell_type":"markdown","source":["# [dbo].[AspNetUserClaims]"],"metadata":{"urn":"Server[@Name='Hi\\SQLEXPRESS01']/Database[@Name='DBBookingTicket']/Table[@Name='AspNetUserClaims' and @Schema='dbo']","object_type":"Table"}},{"outputs":[],"execution_count":0,"cell_type":"code","source":["/****** Object:  Table [dbo].[AspNetUserClaims]    Script Date: 4/2/2026 11:48:38 AM ******/\r\nSET ANSI_NULLS ON\r\n","GO\r\n","SET QUOTED_IDENTIFIER ON\r\n","GO\r\n","CREATE TABLE [dbo].[AspNetUserClaims](\r\n\t[Id] [int] IDENTITY(1,1) NOT NULL,\r\n\t[UserId] [nvarchar](450) NOT NULL,\r\n\t[ClaimType] [nvarchar](max) NULL,\r\n\t[ClaimValue] [nvarchar](max) NULL,\r\n CONSTRAINT [PK_AspNetUserClaims] PRIMARY KEY CLUSTERED \r\n(\r\n\t[Id] ASC\r\n)WITH (PAD_INDEX = OFF, STATISTICS_NORECOMPUTE = OFF, IGNORE_DUP_KEY = OFF, ALLOW_ROW_LOCKS = ON, ALLOW_PAGE_LOCKS = ON, OPTIMIZE_FOR_SEQUENTIAL_KEY = OFF) ON [PRIMARY]\r\n) ON [PRIMARY] TEXTIMAGE_ON [PRIMARY]\r\nGO\r\n"],"metadata":{"urn":"Server[@Name='Hi\\SQLEXPRESS01']/Database[@Name='DBBookingTicket']/Table[@Name='AspNetUserClaims' and @Schema='dbo']","object_type":"Table"}},{"cell_type":"markdown","source":["# [dbo].[AspNetUserLogins]"],"metadata":{"urn":"Server[@Name='Hi\\SQLEXPRESS01']/Database[@Name='DBBookingTicket']/Table[@Name='AspNetUserLogins' and @Schema='dbo']","object_type":"Table"}},{"outputs":[],"execution_count":0,"cell_type":"code","source":["/****** Object:  Table [dbo].[AspNetUserLogins]    Script Date: 4/2/2026 11:48:38 AM ******/\r\nSET ANSI_NULLS ON\r\n","GO\r\n","SET QUOTED_IDENTIFIER ON\r\n","GO\r\n","CREATE TABLE [dbo].[AspNetUserLogins](\r\n\t[LoginProvider] [nvarchar](450) NOT NULL,\r\n\t[ProviderKey] [nvarchar](450) NOT NULL,\r\n\t[ProviderDisplayName] [nvarchar](max) NULL,\r\n\t[UserId] [nvarchar](450) NOT NULL,\r\n CONSTRAINT [PK_AspNetUserLogins] PRIMARY KEY CLUSTERED \r\n(\r\n\t[LoginProvider] ASC,\r\n\t[ProviderKey] ASC\r\n)WITH (PAD_INDEX = OFF, STATISTICS_NORECOMPUTE = OFF, IGNORE_DUP_KEY = OFF, ALLOW_ROW_LOCKS = ON, ALLOW_PAGE_LOCKS = ON, OPTIMIZE_FOR_SEQUENTIAL_KEY = OFF) ON [PRIMARY]\r\n) ON [PRIMARY] TEXTIMAGE_ON [PRIMARY]\r\nGO\r\n"],"metadata":{"urn":"Server[@Name='Hi\\SQLEXPRESS01']/Database[@Name='DBBookingTicket']/Table[@Name='AspNetUserLogins' and @Schema='dbo']","object_type":"Table"}},{"cell_type":"markdown","source":["# [dbo].[AspNetUserRoles]"],"metadata":{"urn":"Server[@Name='Hi\\SQLEXPRESS01']/Database[@Name='DBBookingTicket']/Table[@Name='AspNetUserRoles' and @Schema='dbo']","object_type":"Table"}},{"outputs":[],"execution_count":0,"cell_type":"code","source":["/****** Object:  Table [dbo].[AspNetUserRoles]    Script Date: 4/2/2026 11:48:38 AM ******/\r\nSET ANSI_NULLS ON\r\n","GO\r\n","SET QUOTED_IDENTIFIER ON\r\n","GO\r\n","CREATE TABLE [dbo].[AspNetUserRoles](\r\n\t[UserId] [nvarchar](450) NOT NULL,\r\n\t[RoleId] [nvarchar](450) NOT NULL,\r\n CONSTRAINT [PK_AspNetUserRoles] PRIMARY KEY CLUSTERED \r\n(\r\n\t[UserId] ASC,\r\n\t[RoleId] ASC\r\n)WITH (PAD_INDEX = OFF, STATISTICS_NORECOMPUTE = OFF, IGNORE_DUP_KEY = OFF, ALLOW_ROW_LOCKS = ON, ALLOW_PAGE_LOCKS = ON, OPTIMIZE_FOR_SEQUENTIAL_KEY = OFF) ON [PRIMARY]\r\n) ON [PRIMARY]\r\nGO\r\n"],"metadata":{"urn":"Server[@Name='Hi\\SQLEXPRESS01']/Database[@Name='DBBookingTicket']/Table[@Name='AspNetUserRoles' and @Schema='dbo']","object_type":"Table"}},{"cell_type":"markdown","source":["# [dbo].[AspNetUsers]"],"metadata":{"urn":"Server[@Name='Hi\\SQLEXPRESS01']/Database[@Name='DBBookingTicket']/Table[@Name='AspNetUsers' and @Schema='dbo']","object_type":"Table"}},{"outputs":[],"execution_count":0,"cell_type":"code","source":["/****** Object:  Table [dbo].[AspNetUsers]    Script Date: 4/2/2026 11:48:38 AM ******/\r\nSET ANSI_NULLS ON\r\n","GO\r\n","SET QUOTED_IDENTIFIER ON\r\n","GO\r\n","CREATE TABLE [dbo].[AspNetUsers](\r\n\t[Id] [nvarchar](450) NOT NULL,\r\n\t[FullName] [nvarchar](max) NULL,\r\n\t[DateOfBirth] [datetime2](7) NULL,\r\n\t[UserName] [nvarchar](256) NULL,\r\n\t[NormalizedUserName] [nvarchar](256) NULL,\r\n\t[Email] [nvarchar](256) NULL,\r\n\t[NormalizedEmail] [nvarchar](256) NULL,\r\n\t[EmailConfirmed] [bit] NOT NULL,\r\n\t[PasswordHash] [nvarchar](max) NULL,\r\n\t[SecurityStamp] [nvarchar](max) NULL,\r\n\t[ConcurrencyStamp] [nvarchar](max) NULL,\r\n\t[PhoneNumber] [nvarchar](max) NULL,\r\n\t[PhoneNumberConfirmed] [bit] NOT NULL,\r\n\t[TwoFactorEnabled] [bit] NOT NULL,\r\n\t[LockoutEnd] [datetimeoffset](7) NULL,\r\n\t[LockoutEnabled] [bit] NOT NULL,\r\n\t[AccessFailedCount] [int] NOT NULL,\r\n CONSTRAINT [PK_AspNetUsers] PRIMARY KEY CLUSTERED \r\n(\r\n\t[Id] ASC\r\n)WITH (PAD_INDEX = OFF, STATISTICS_NORECOMPUTE = OFF, IGNORE_DUP_KEY = OFF, ALLOW_ROW_LOCKS = ON, ALLOW_PAGE_LOCKS = ON, OPTIMIZE_FOR_SEQUENTIAL_KEY = OFF) ON [PRIMARY]\r\n) ON [PRIMARY] TEXTIMAGE_ON [PRIMARY]\r\nGO\r\n"],"metadata":{"urn":"Server[@Name='Hi\\SQLEXPRESS01']/Database[@Name='DBBookingTicket']/Table[@Name='AspNetUsers' and @Schema='dbo']","object_type":"Table"}},{"cell_type":"markdown","source":["# [dbo].[AspNetUserTokens]"],"metadata":{"urn":"Server[@Name='Hi\\SQLEXPRESS01']/Database[@Name='DBBookingTicket']/Table[@Name='AspNetUserTokens' and @Schema='dbo']","object_type":"Table"}},{"outputs":[],"execution_count":0,"cell_type":"code","source":["/****** Object:  Table [dbo].[AspNetUserTokens]    Script Date: 4/2/2026 11:48:38 AM ******/\r\nSET ANSI_NULLS ON\r\n","GO\r\n","SET QUOTED_IDENTIFIER ON\r\n","GO\r\n","CREATE TABLE [dbo].[AspNetUserTokens](\r\n\t[UserId] [nvarchar](450) NOT NULL,\r\n\t[LoginProvider] [nvarchar](450) NOT NULL,\r\n\t[Name] [nvarchar](450) NOT NULL,\r\n\t[Value] [nvarchar](max) NULL,\r\n CONSTRAINT [PK_AspNetUserTokens] PRIMARY KEY CLUSTERED \r\n(\r\n\t[UserId] ASC,\r\n\t[LoginProvider] ASC,\r\n\t[Name] ASC\r\n)WITH (PAD_INDEX = OFF, STATISTICS_NORECOMPUTE = OFF, IGNORE_DUP_KEY = OFF, ALLOW_ROW_LOCKS = ON, ALLOW_PAGE_LOCKS = ON, OPTIMIZE_FOR_SEQUENTIAL_KEY = OFF) ON [PRIMARY]\r\n) ON [PRIMARY] TEXTIMAGE_ON [PRIMARY]\r\nGO\r\n"],"metadata":{"urn":"Server[@Name='Hi\\SQLEXPRESS01']/Database[@Name='DBBookingTicket']/Table[@Name='AspNetUserTokens' and @Schema='dbo']","object_type":"Table"}},{"cell_type":"markdown","source":["# [dbo].[Bookings]"],"metadata":{"urn":"Server[@Name='Hi\\SQLEXPRESS01']/Database[@Name='DBBookingTicket']/Table[@Name='Bookings' and @Schema='dbo']","object_type":"Table"}},{"outputs":[],"execution_count":0,"cell_type":"code","source":["/****** Object:  Table [dbo].[Bookings]    Script Date: 4/2/2026 11:48:38 AM ******/\r\nSET ANSI_NULLS ON\r\n","GO\r\n","SET QUOTED_IDENTIFIER ON\r\n","GO\r\n","CREATE TABLE [dbo].[Bookings](\r\n\t[BookingId] [int] IDENTITY(1,1) NOT NULL,\r\n\t[BookingDate] [datetime2](7) NOT NULL,\r\n\t[TotalPrice] [decimal](18, 2) NOT NULL,\r\n\t[Status] [int] NOT NULL,\r\n\t[IsReminderSent] [bit] NOT NULL,\r\n\t[CustomerName] [nvarchar](max) NOT NULL,\r\n\t[CustomerPhone] [nvarchar](450) NOT NULL,\r\n\t[CustomerEmail] [nvarchar](max) NULL,\r\n\t[UserId] [nvarchar](450) NULL,\r\n CONSTRAINT [PK_Bookings] PRIMARY KEY CLUSTERED \r\n(\r\n\t[BookingId] ASC\r\n)WITH (PAD_INDEX = OFF, STATISTICS_NORECOMPUTE = OFF, IGNORE_DUP_KEY = OFF, ALLOW_ROW_LOCKS = ON, ALLOW_PAGE_LOCKS = ON, OPTIMIZE_FOR_SEQUENTIAL_KEY = OFF) ON [PRIMARY]\r\n) ON [PRIMARY] TEXTIMAGE_ON [PRIMARY]\r\nGO\r\n"],"metadata":{"urn":"Server[@Name='Hi\\SQLEXPRESS01']/Database[@Name='DBBookingTicket']/Table[@Name='Bookings' and @Schema='dbo']","object_type":"Table"}},{"cell_type":"markdown","source":["# [dbo].[Buses]"],"metadata":{"urn":"Server[@Name='Hi\\SQLEXPRESS01']/Database[@Name='DBBookingTicket']/Table[@Name='Buses' and @Schema='dbo']","object_type":"Table"}},{"outputs":[],"execution_count":0,"cell_type":"code","source":["/****** Object:  Table [dbo].[Buses]    Script Date: 4/2/2026 11:48:38 AM ******/\r\nSET ANSI_NULLS ON\r\n","GO\r\n","SET QUOTED_IDENTIFIER ON\r\n","GO\r\n","CREATE TABLE [dbo].[Buses](\r\n\t[BusId] [int] IDENTITY(1,1) NOT NULL,\r\n\t[BusName] [nvarchar](max) NOT NULL,\r\n\t[TotalSeats] [int] NOT NULL,\r\n\t[BusTypeId] [int] NOT NULL,\r\n\t[PlateNumber] [nvarchar](max) NOT NULL,\r\n\t[Status] [int] NOT NULL,\r\n CONSTRAINT [PK_Buses] PRIMARY KEY CLUSTERED \r\n(\r\n\t[BusId] ASC\r\n)WITH (PAD_INDEX = OFF, STATISTICS_NORECOMPUTE = OFF, IGNORE_DUP_KEY = OFF, ALLOW_ROW_LOCKS = ON, ALLOW_PAGE_LOCKS = ON, OPTIMIZE_FOR_SEQUENTIAL_KEY = OFF) ON [PRIMARY]\r\n) ON [PRIMARY] TEXTIMAGE_ON [PRIMARY]\r\nGO\r\n"],"metadata":{"urn":"Server[@Name='Hi\\SQLEXPRESS01']/Database[@Name='DBBookingTicket']/Table[@Name='Buses' and @Schema='dbo']","object_type":"Table"}},{"cell_type":"markdown","source":["# [dbo].[BusTypes]"],"metadata":{"urn":"Server[@Name='Hi\\SQLEXPRESS01']/Database[@Name='DBBookingTicket']/Table[@Name='BusTypes' and @Schema='dbo']","object_type":"Table"}},{"outputs":[],"execution_count":0,"cell_type":"code","source":["/****** Object:  Table [dbo].[BusTypes]    Script Date: 4/2/2026 11:48:38 AM ******/\r\nSET ANSI_NULLS ON\r\n","GO\r\n","SET QUOTED_IDENTIFIER ON\r\n","GO\r\n","CREATE TABLE [dbo].[BusTypes](\r\n\t[BusTypeId] [int] IDENTITY(1,1) NOT NULL,\r\n\t[TypeName] [nvarchar](100) NOT NULL,\r\n\t[DefaultSeats] [int] NOT NULL,\r\n\t[Description] [nvarchar](500) NOT NULL,\r\n\t[IsActive] [bit] NOT NULL,\r\n CONSTRAINT [PK_BusTypes] PRIMARY KEY CLUSTERED \r\n(\r\n\t[BusTypeId] ASC\r\n)WITH (PAD_INDEX = OFF, STATISTICS_NORECOMPUTE = OFF, IGNORE_DUP_KEY = OFF, ALLOW_ROW_LOCKS = ON, ALLOW_PAGE_LOCKS = ON, OPTIMIZE_FOR_SEQUENTIAL_KEY = OFF) ON [PRIMARY]\r\n) ON [PRIMARY]\r\nGO\r\n"],"metadata":{"urn":"Server[@Name='Hi\\SQLEXPRESS01']/Database[@Name='DBBookingTicket']/Table[@Name='BusTypes' and @Schema='dbo']","object_type":"Table"}},{"cell_type":"markdown","source":["# [dbo].[Offices]"],"metadata":{"urn":"Server[@Name='Hi\\SQLEXPRESS01']/Database[@Name='DBBookingTicket']/Table[@Name='Offices' and @Schema='dbo']","object_type":"Table"}},{"outputs":[],"execution_count":0,"cell_type":"code","source":["/****** Object:  Table [dbo].[Offices]    Script Date: 4/2/2026 11:48:38 AM ******/\r\nSET ANSI_NULLS ON\r\n","GO\r\n","SET QUOTED_IDENTIFIER ON\r\n","GO\r\n","CREATE TABLE [dbo].[Offices](\r\n\t[OfficeId] [int] IDENTITY(1,1) NOT NULL,\r\n\t[OfficeName] [nvarchar](200) NOT NULL,\r\n\t[Address] [nvarchar](500) NOT NULL,\r\n\t[PhoneNumber] [nvarchar](10) NOT NULL,\r\n\t[WardId] [int] NOT NULL,\r\n\t[IsActive] [bit] NOT NULL,\r\n CONSTRAINT [PK_Offices] PRIMARY KEY CLUSTERED \r\n(\r\n\t[OfficeId] ASC\r\n)WITH (PAD_INDEX = OFF, STATISTICS_NORECOMPUTE = OFF, IGNORE_DUP_KEY = OFF, ALLOW_ROW_LOCKS = ON, ALLOW_PAGE_LOCKS = ON, OPTIMIZE_FOR_SEQUENTIAL_KEY = OFF) ON [PRIMARY]\r\n) ON [PRIMARY]\r\nGO\r\n"],"metadata":{"urn":"Server[@Name='Hi\\SQLEXPRESS01']/Database[@Name='DBBookingTicket']/Table[@Name='Offices' and @Schema='dbo']","object_type":"Table"}},{"cell_type":"markdown","source":["# [dbo].[PaymentMethods]"],"metadata":{"urn":"Server[@Name='Hi\\SQLEXPRESS01']/Database[@Name='DBBookingTicket']/Table[@Name='PaymentMethods' and @Schema='dbo']","object_type":"Table"}},{"outputs":[],"execution_count":0,"cell_type":"code","source":["/****** Object:  Table [dbo].[PaymentMethods]    Script Date: 4/2/2026 11:48:38 AM ******/\r\nSET ANSI_NULLS ON\r\n","GO\r\n","SET QUOTED_IDENTIFIER ON\r\n","GO\r\n","CREATE TABLE [dbo].[PaymentMethods](\r\n\t[PaymentMethodId] [int] IDENTITY(1,1) NOT NULL,\r\n\t[PaymentType] [nvarchar](50) NOT NULL,\r\n CONSTRAINT [PK_PaymentMethods] PRIMARY KEY CLUSTERED \r\n(\r\n\t[PaymentMethodId] ASC\r\n)WITH (PAD_INDEX = OFF, STATISTICS_NORECOMPUTE = OFF, IGNORE_DUP_KEY = OFF, ALLOW_ROW_LOCKS = ON, ALLOW_PAGE_LOCKS = ON, OPTIMIZE_FOR_SEQUENTIAL_KEY = OFF) ON [PRIMARY]\r\n) ON [PRIMARY]\r\nGO\r\n"],"metadata":{"urn":"Server[@Name='Hi\\SQLEXPRESS01']/Database[@Name='DBBookingTicket']/Table[@Name='PaymentMethods' and @Schema='dbo']","object_type":"Table"}},{"cell_type":"markdown","source":["# [dbo].[Payments]"],"metadata":{"urn":"Server[@Name='Hi\\SQLEXPRESS01']/Database[@Name='DBBookingTicket']/Table[@Name='Payments' and @Schema='dbo']","object_type":"Table"}},{"outputs":[],"execution_count":0,"cell_type":"code","source":["/****** Object:  Table [dbo].[Payments]    Script Date: 4/2/2026 11:48:38 AM ******/\r\nSET ANSI_NULLS ON\r\n","GO\r\n","SET QUOTED_IDENTIFIER ON\r\n","GO\r\n","CREATE TABLE [dbo].[Payments](\r\n\t[PaymentId] [int] IDENTITY(1,1) NOT NULL,\r\n\t[PaymentDate] [datetime2](7) NOT NULL,\r\n\t[Amount] [decimal](18, 2) NOT NULL,\r\n\t[Status] [int] NOT NULL,\r\n\t[PaymentMethodId] [int] NOT NULL,\r\n\t[BookingId] [int] NOT NULL,\r\n\t[PaymentMethodsPaymentMethodId] [int] NULL,\r\n CONSTRAINT [PK_Payments] PRIMARY KEY CLUSTERED \r\n(\r\n\t[PaymentId] ASC\r\n)WITH (PAD_INDEX = OFF, STATISTICS_NORECOMPUTE = OFF, IGNORE_DUP_KEY = OFF, ALLOW_ROW_LOCKS = ON, ALLOW_PAGE_LOCKS = ON, OPTIMIZE_FOR_SEQUENTIAL_KEY = OFF) ON [PRIMARY]\r\n) ON [PRIMARY]\r\nGO\r\n"],"metadata":{"urn":"Server[@Name='Hi\\SQLEXPRESS01']/Database[@Name='DBBookingTicket']/Table[@Name='Payments' and @Schema='dbo']","object_type":"Table"}},{"cell_type":"markdown","source":["# [dbo].[Provinces]"],"metadata":{"urn":"Server[@Name='Hi\\SQLEXPRESS01']/Database[@Name='DBBookingTicket']/Table[@Name='Provinces' and @Schema='dbo']","object_type":"Table"}},{"outputs":[],"execution_count":0,"cell_type":"code","source":["/****** Object:  Table [dbo].[Provinces]    Script Date: 4/2/2026 11:48:38 AM ******/\r\nSET ANSI_NULLS ON\r\n","GO\r\n","SET QUOTED_IDENTIFIER ON\r\n","GO\r\n","CREATE TABLE [dbo].[Provinces](\r\n\t[ProvinceId] [int] IDENTITY(1,1) NOT NULL,\r\n\t[ProvinceName] [nvarchar](100) NOT NULL,\r\n\t[IsActive] [bit] NOT NULL,\r\n CONSTRAINT [PK_Provinces] PRIMARY KEY CLUSTERED \r\n(\r\n\t[ProvinceId] ASC\r\n)WITH (PAD_INDEX = OFF, STATISTICS_NORECOMPUTE = OFF, IGNORE_DUP_KEY = OFF, ALLOW_ROW_LOCKS = ON, ALLOW_PAGE_LOCKS = ON, OPTIMIZE_FOR_SEQUENTIAL_KEY = OFF) ON [PRIMARY]\r\n) ON [PRIMARY]\r\nGO\r\n"],"metadata":{"urn":"Server[@Name='Hi\\SQLEXPRESS01']/Database[@Name='DBBookingTicket']/Table[@Name='Provinces' and @Schema='dbo']","object_type":"Table"}},{"cell_type":"markdown","source":["# [dbo].[Routes]"],"metadata":{"urn":"Server[@Name='Hi\\SQLEXPRESS01']/Database[@Name='DBBookingTicket']/Table[@Name='Routes' and @Schema='dbo']","object_type":"Table"}},{"outputs":[],"execution_count":0,"cell_type":"code","source":["/****** Object:  Table [dbo].[Routes]    Script Date: 4/2/2026 11:48:38 AM ******/\r\nSET ANSI_NULLS ON\r\n","GO\r\n","SET QUOTED_IDENTIFIER ON\r\n","GO\r\n","CREATE TABLE [dbo].[Routes](\r\n\t[RouteId] [int] IDENTITY(1,1) NOT NULL,\r\n\t[RouteName] [nvarchar](200) NOT NULL,\r\n\t[DepartureOfficeId] [int] NOT NULL,\r\n\t[ArrivalOfficeId] [int] NOT NULL,\r\n\t[BasePrice] [decimal](18, 2) NOT NULL,\r\n\t[DistanceKm] [decimal](10, 2) NOT NULL,\r\n\t[EstimatedTimeHours] [int] NOT NULL,\r\n\t[IsActive] [bit] NOT NULL,\r\n CONSTRAINT [PK_Routes] PRIMARY KEY CLUSTERED \r\n(\r\n\t[RouteId] ASC\r\n)WITH (PAD_INDEX = OFF, STATISTICS_NORECOMPUTE = OFF, IGNORE_DUP_KEY = OFF, ALLOW_ROW_LOCKS = ON, ALLOW_PAGE_LOCKS = ON, OPTIMIZE_FOR_SEQUENTIAL_KEY = OFF) ON [PRIMARY]\r\n) ON [PRIMARY]\r\nGO\r\n"],"metadata":{"urn":"Server[@Name='Hi\\SQLEXPRESS01']/Database[@Name='DBBookingTicket']/Table[@Name='Routes' and @Schema='dbo']","object_type":"Table"}},{"cell_type":"markdown","source":["# [dbo].[Schedules]"],"metadata":{"urn":"Server[@Name='Hi\\SQLEXPRESS01']/Database[@Name='DBBookingTicket']/Table[@Name='Schedules' and @Schema='dbo']","object_type":"Table"}},{"outputs":[],"execution_count":0,"cell_type":"code","source":["/****** Object:  Table [dbo].[Schedules]    Script Date: 4/2/2026 11:48:38 AM ******/\r\nSET ANSI_NULLS ON\r\n","GO\r\n","SET QUOTED_IDENTIFIER ON\r\n","GO\r\n","CREATE TABLE [dbo].[Schedules](\r\n\t[ScheduleId] [int] IDENTITY(1,1) NOT NULL,\r\n\t[RouteId] [int] NOT NULL,\r\n\t[BusId] [int] NOT NULL,\r\n\t[DepartureTime] [time](7) NOT NULL,\r\n\t[ArrivalTime] [time](7) NOT NULL,\r\n\t[TicketPrice] [decimal](18, 2) NOT NULL,\r\n\t[IsActive] [bit] NOT NULL,\r\n CONSTRAINT [PK_Schedules] PRIMARY KEY CLUSTERED \r\n(\r\n\t[ScheduleId] ASC\r\n)WITH (PAD_INDEX = OFF, STATISTICS_NORECOMPUTE = OFF, IGNORE_DUP_KEY = OFF, ALLOW_ROW_LOCKS = ON, ALLOW_PAGE_LOCKS = ON, OPTIMIZE_FOR_SEQUENTIAL_KEY = OFF) ON [PRIMARY]\r\n) ON [PRIMARY]\r\nGO\r\n"],"metadata":{"urn":"Server[@Name='Hi\\SQLEXPRESS01']/Database[@Name='DBBookingTicket']/Table[@Name='Schedules' and @Schema='dbo']","object_type":"Table"}},{"cell_type":"markdown","source":["# [dbo].[Seats]"],"metadata":{"urn":"Server[@Name='Hi\\SQLEXPRESS01']/Database[@Name='DBBookingTicket']/Table[@Name='Seats' and @Schema='dbo']","object_type":"Table"}},{"outputs":[],"execution_count":0,"cell_type":"code","source":["/****** Object:  Table [dbo].[Seats]    Script Date: 4/2/2026 11:48:38 AM ******/\r\nSET ANSI_NULLS ON\r\n","GO\r\n","SET QUOTED_IDENTIFIER ON\r\n","GO\r\n","CREATE TABLE [dbo].[Seats](\r\n\t[SeatId] [int] IDENTITY(1,1) NOT NULL,\r\n\t[SeatNumber] [nvarchar](10) NOT NULL,\r\n\t[Floor] [int] NOT NULL,\r\n\t[Row] [int] NOT NULL,\r\n\t[Column] [int] NOT NULL,\r\n\t[IsActive] [bit] NOT NULL,\r\n\t[BusId] [int] NOT NULL,\r\n CONSTRAINT [PK_Seats] PRIMARY KEY CLUSTERED \r\n(\r\n\t[SeatId] ASC\r\n)WITH (PAD_INDEX = OFF, STATISTICS_NORECOMPUTE = OFF, IGNORE_DUP_KEY = OFF, ALLOW_ROW_LOCKS = ON, ALLOW_PAGE_LOCKS = ON, OPTIMIZE_FOR_SEQUENTIAL_KEY = OFF) ON [PRIMARY]\r\n) ON [PRIMARY]\r\nGO\r\n"],"metadata":{"urn":"Server[@Name='Hi\\SQLEXPRESS01']/Database[@Name='DBBookingTicket']/Table[@Name='Seats' and @Schema='dbo']","object_type":"Table"}},{"cell_type":"markdown","source":["# [dbo].[Tickets]"],"metadata":{"urn":"Server[@Name='Hi\\SQLEXPRESS01']/Database[@Name='DBBookingTicket']/Table[@Name='Tickets' and @Schema='dbo']","object_type":"Table"}},{"outputs":[],"execution_count":0,"cell_type":"code","source":["/****** Object:  Table [dbo].[Tickets]    Script Date: 4/2/2026 11:48:38 AM ******/\r\nSET ANSI_NULLS ON\r\n","GO\r\n","SET QUOTED_IDENTIFIER ON\r\n","GO\r\n","CREATE TABLE [dbo].[Tickets](\r\n\t[TicketId] [int] IDENTITY(1,1) NOT NULL,\r\n\t[TripSeatId] [int] NOT NULL,\r\n\t[BookingId] [int] NOT NULL,\r\n\t[Price] [decimal](18, 2) NOT NULL,\r\n\t[Status] [int] NOT NULL,\r\n\t[CreatedAt] [datetime2](7) NOT NULL,\r\n\t[TripsTripId] [int] NULL,\r\n CONSTRAINT [PK_Tickets] PRIMARY KEY CLUSTERED \r\n(\r\n\t[TicketId] ASC\r\n)WITH (PAD_INDEX = OFF, STATISTICS_NORECOMPUTE = OFF, IGNORE_DUP_KEY = OFF, ALLOW_ROW_LOCKS = ON, ALLOW_PAGE_LOCKS = ON, OPTIMIZE_FOR_SEQUENTIAL_KEY = OFF) ON [PRIMARY]\r\n) ON [PRIMARY]\r\nGO\r\n"],"metadata":{"urn":"Server[@Name='Hi\\SQLEXPRESS01']/Database[@Name='DBBookingTicket']/Table[@Name='Tickets' and @Schema='dbo']","object_type":"Table"}},{"cell_type":"markdown","source":["# [dbo].[Trips]"],"metadata":{"urn":"Server[@Name='Hi\\SQLEXPRESS01']/Database[@Name='DBBookingTicket']/Table[@Name='Trips' and @Schema='dbo']","object_type":"Table"}},{"outputs":[],"execution_count":0,"cell_type":"code","source":["/****** Object:  Table [dbo].[Trips]    Script Date: 4/2/2026 11:48:38 AM ******/\r\nSET ANSI_NULLS ON\r\n","GO\r\n","SET QUOTED_IDENTIFIER ON\r\n","GO\r\n","CREATE TABLE [dbo].[Trips](\r\n\t[TripId] [int] IDENTITY(1,1) NOT NULL,\r\n\t[ScheduleId] [int] NOT NULL,\r\n\t[TicketPrice] [decimal](18, 2) NOT NULL,\r\n\t[DepartureTime] [datetime2](7) NOT NULL,\r\n\t[ArrivalTime] [datetime2](7) NOT NULL,\r\n\t[Status] [int] NOT NULL,\r\n\t[BusId] [int] NOT NULL,\r\n\t[RouteId] [int] NOT NULL,\r\n CONSTRAINT [PK_Trips] PRIMARY KEY CLUSTERED \r\n(\r\n\t[TripId] ASC\r\n)WITH (PAD_INDEX = OFF, STATISTICS_NORECOMPUTE = OFF, IGNORE_DUP_KEY = OFF, ALLOW_ROW_LOCKS = ON, ALLOW_PAGE_LOCKS = ON, OPTIMIZE_FOR_SEQUENTIAL_KEY = OFF) ON [PRIMARY]\r\n) ON [PRIMARY]\r\nGO\r\n"],"metadata":{"urn":"Server[@Name='Hi\\SQLEXPRESS01']/Database[@Name='DBBookingTicket']/Table[@Name='Trips' and @Schema='dbo']","object_type":"Table"}},{"cell_type":"markdown","source":["# [dbo].[TripSeats]"],"metadata":{"urn":"Server[@Name='Hi\\SQLEXPRESS01']/Database[@Name='DBBookingTicket']/Table[@Name='TripSeats' and @Schema='dbo']","object_type":"Table"}},{"outputs":[],"execution_count":0,"cell_type":"code","source":["/****** Object:  Table [dbo].[TripSeats]    Script Date: 4/2/2026 11:48:38 AM ******/\r\nSET ANSI_NULLS ON\r\n","GO\r\n","SET QUOTED_IDENTIFIER ON\r\n","GO\r\n","CREATE TABLE [dbo].[TripSeats](\r\n\t[TripSeatId] [int] IDENTITY(1,1) NOT NULL,\r\n\t[TripId] [int] NOT NULL,\r\n\t[SeatId] [int] NOT NULL,\r\n\t[Status] [int] NOT NULL,\r\n CONSTRAINT [PK_TripSeats] PRIMARY KEY CLUSTERED \r\n(\r\n\t[TripSeatId] ASC\r\n)WITH (PAD_INDEX = OFF, STATISTICS_NORECOMPUTE = OFF, IGNORE_DUP_KEY = OFF, ALLOW_ROW_LOCKS = ON, ALLOW_PAGE_LOCKS = ON, OPTIMIZE_FOR_SEQUENTIAL_KEY = OFF) ON [PRIMARY]\r\n) ON [PRIMARY]\r\nGO\r\n"],"metadata":{"urn":"Server[@Name='Hi\\SQLEXPRESS01']/Database[@Name='DBBookingTicket']/Table[@Name='TripSeats' and @Schema='dbo']","object_type":"Table"}},{"cell_type":"markdown","source":["# [dbo].[Wards]"],"metadata":{"urn":"Server[@Name='Hi\\SQLEXPRESS01']/Database[@Name='DBBookingTicket']/Table[@Name='Wards' and @Schema='dbo']","object_type":"Table"}},{"outputs":[],"execution_count":0,"cell_type":"code","source":["/****** Object:  Table [dbo].[Wards]    Script Date: 4/2/2026 11:48:38 AM ******/\r\nSET ANSI_NULLS ON\r\n","GO\r\n","SET QUOTED_IDENTIFIER ON\r\n","GO\r\n","CREATE TABLE [dbo].[Wards](\r\n\t[WardId] [int] IDENTITY(1,1) NOT NULL,\r\n\t[WardName] [nvarchar](max) NOT NULL,\r\n\t[ProvinceId] [int] NOT NULL,\r\n\t[IsActive] [bit] NOT NULL,\r\n CONSTRAINT [PK_Wards] PRIMARY KEY CLUSTERED \r\n(\r\n\t[WardId] ASC\r\n)WITH (PAD_INDEX = OFF, STATISTICS_NORECOMPUTE = OFF, IGNORE_DUP_KEY = OFF, ALLOW_ROW_LOCKS = ON, ALLOW_PAGE_LOCKS = ON, OPTIMIZE_FOR_SEQUENTIAL_KEY = OFF) ON [PRIMARY]\r\n) ON [PRIMARY] TEXTIMAGE_ON [PRIMARY]\r\nGO\r\n"],"metadata":{"urn":"Server[@Name='Hi\\SQLEXPRESS01']/Database[@Name='DBBookingTicket']/Table[@Name='Wards' and @Schema='dbo']","object_type":"Table"}},{"cell_type":"markdown","source":["# [dbo].[__EFMigrationsHistory]"],"metadata":{"urn":"Server[@Name='Hi\\SQLEXPRESS01']/Database[@Name='DBBookingTicket']/Table[@Name='__EFMigrationsHistory' and @Schema='dbo']","object_type":"Table"}},{"outputs":[],"execution_count":0,"cell_type":"code","source":["INSERT [dbo].[__EFMigrationsHistory] ([MigrationId], [ProductVersion]) VALUES (N'20260402032759_intiDB', N'8.0.20')\r\n","GO\r\n"],"metadata":{"urn":"Server[@Name='Hi\\SQLEXPRESS01']/Database[@Name='DBBookingTicket']/Table[@Name='__EFMigrationsHistory' and @Schema='dbo']","object_type":"Table"}},{"cell_type":"markdown","source":["# [dbo].[AspNetRoles]"],"metadata":{"urn":"Server[@Name='Hi\\SQLEXPRESS01']/Database[@Name='DBBookingTicket']/Table[@Name='AspNetRoles' and @Schema='dbo']","object_type":"Table"}},{"outputs":[],"execution_count":0,"cell_type":"code","source":["INSERT [dbo].[AspNetRoles] ([Id], [Name], [NormalizedName], [ConcurrencyStamp]) VALUES (N'3e900465-1c5c-446f-88e9-dc86a2298c46', N'Driver', N'DRIVER', N'835c51ff-07c0-4a64-accc-86362ce94ab2')\r\n","INSERT [dbo].[AspNetRoles] ([Id], [Name], [NormalizedName], [ConcurrencyStamp]) VALUES (N'81c9f937-1e85-4d8b-a266-bed0f1a6ce34', N'User', N'USER', N'955ee48a-9838-4ba3-b8bf-24c360094326')\r\n","INSERT [dbo].[AspNetRoles] ([Id], [Name], [NormalizedName], [ConcurrencyStamp]) VALUES (N'8f17d4db-760a-47c3-9131-3223412d1164', N'Admin', N'ADMIN', N'2559ba96-b9a5-4ae4-b463-44bf701ee1d6')\r\n","INSERT [dbo].[AspNetRoles] ([Id], [Name], [NormalizedName], [ConcurrencyStamp]) VALUES (N'd33661b6-82bd-46be-acdb-4db429304e73', N'Assistant', N'ASSISTANT', N'f69854df-3f50-4370-91ad-3d70e724532f')\r\n","GO\r\n"],"metadata":{"urn":"Server[@Name='Hi\\SQLEXPRESS01']/Database[@Name='DBBookingTicket']/Table[@Name='AspNetRoles' and @Schema='dbo']","object_type":"Table"}},{"cell_type":"markdown","source":["# [dbo].[AspNetUserRoles]"],"metadata":{"urn":"Server[@Name='Hi\\SQLEXPRESS01']/Database[@Name='DBBookingTicket']/Table[@Name='AspNetUserRoles' and @Schema='dbo']","object_type":"Table"}},{"outputs":[],"execution_count":0,"cell_type":"code","source":["INSERT [dbo].[AspNetUserRoles] ([UserId], [RoleId]) VALUES (N'a1ad3f23-81a1-4779-9584-fca0f15b6d2f', N'8f17d4db-760a-47c3-9131-3223412d1164')\r\n","GO\r\n"],"metadata":{"urn":"Server[@Name='Hi\\SQLEXPRESS01']/Database[@Name='DBBookingTicket']/Table[@Name='AspNetUserRoles' and @Schema='dbo']","object_type":"Table"}},{"cell_type":"markdown","source":["# [dbo].[AspNetUsers]"],"metadata":{"urn":"Server[@Name='Hi\\SQLEXPRESS01']/Database[@Name='DBBookingTicket']/Table[@Name='AspNetUsers' and @Schema='dbo']","object_type":"Table"}},{"outputs":[],"execution_count":0,"cell_type":"code","source":["INSERT [dbo].[AspNetUsers] ([Id], [FullName], [DateOfBirth], [UserName], [NormalizedUserName], [Email], [NormalizedEmail], [EmailConfirmed], [PasswordHash], [SecurityStamp], [ConcurrencyStamp], [PhoneNumber], [PhoneNumberConfirmed], [TwoFactorEnabled], [LockoutEnd], [LockoutEnabled], [AccessFailedCount]) VALUES (N'a1ad3f23-81a1-4779-9584-fca0f15b6d2f', NULL, NULL, N'Admin@gmail.com', N'ADMIN@GMAIL.COM', N'Admin@gmail.com', N'ADMIN@GMAIL.COM', 1, N'AQAAAAIAAYagAAAAEDowMVzBKUHWFiO/TRG9ymjVVCeAymRn1fz8jKNY59nCMpv6mmgYyUizlD0gq950wA==', N'MQJLFLOFV66GQ7A42QQ5CTJJUBFKSJMN', N'cef53619-95ae-4994-94c0-c904d2063fd8', NULL, 0, 0, NULL, 1, 0)\r\n","GO\r\n"],"metadata":{"urn":"Server[@Name='Hi\\SQLEXPRESS01']/Database[@Name='DBBookingTicket']/Table[@Name='AspNetUsers' and @Schema='dbo']","object_type":"Table"}},{"cell_type":"markdown","source":["# [dbo].[Bookings]"],"metadata":{"urn":"Server[@Name='Hi\\SQLEXPRESS01']/Database[@Name='DBBookingTicket']/Table[@Name='Bookings' and @Schema='dbo']","object_type":"Table"}},{"outputs":[],"execution_count":0,"cell_type":"code","source":["SET IDENTITY_INSERT [dbo].[Bookings] ON \r\n","INSERT [dbo].[Bookings] ([BookingId], [BookingDate], [TotalPrice], [Status], [IsReminderSent], [CustomerName], [CustomerPhone], [CustomerEmail], [UserId]) VALUES (1, CAST(N'2026-04-02T10:33:38.1317840' AS DateTime2), CAST(350000.00 AS Decimal(18, 2)), 1, 0, N'nn', N'99', N'kk', NULL)\r\n","SET IDENTITY_INSERT [dbo].[Bookings] OFF\r\n","GO\r\n"],"metadata":{"urn":"Server[@Name='Hi\\SQLEXPRESS01']/Database[@Name='DBBookingTicket']/Table[@Name='Bookings' and @Schema='dbo']","object_type":"Table"}},{"cell_type":"markdown","source":["# [dbo].[Buses]"],"metadata":{"urn":"Server[@Name='Hi\\SQLEXPRESS01']/Database[@Name='DBBookingTicket']/Table[@Name='Buses' and @Schema='dbo']","object_type":"Table"}},{"outputs":[],"execution_count":0,"cell_type":"code","source":["SET IDENTITY_INSERT [dbo].[Buses] ON \r\n","INSERT [dbo].[Buses] ([BusId], [BusName], [TotalSeats], [BusTypeId], [PlateNumber], [Status]) VALUES (1, N'Xe 01', 21, 1, N'37A-198.34', 0)\r\n","SET IDENTITY_INSERT [dbo].[Buses] OFF\r\n","GO\r\n"],"metadata":{"urn":"Server[@Name='Hi\\SQLEXPRESS01']/Database[@Name='DBBookingTicket']/Table[@Name='Buses' and @Schema='dbo']","object_type":"Table"}},{"cell_type":"markdown","source":["# [dbo].[BusTypes]"],"metadata":{"urn":"Server[@Name='Hi\\SQLEXPRESS01']/Database[@Name='DBBookingTicket']/Table[@Name='BusTypes' and @Schema='dbo']","object_type":"Table"}},{"outputs":[],"execution_count":0,"cell_type":"code","source":["SET IDENTITY_INSERT [dbo].[BusTypes] ON \r\n","INSERT [dbo].[BusTypes] ([BusTypeId], [TypeName], [DefaultSeats], [Description], [IsActive]) VALUES (1, N'Xe Giường Nằm 22 Cabin VIP new 2026', 22, N'Xe VIP', 1)\r\n","SET IDENTITY_INSERT [dbo].[BusTypes] OFF\r\n","GO\r\n"],"metadata":{"urn":"Server[@Name='Hi\\SQLEXPRESS01']/Database[@Name='DBBookingTicket']/Table[@Name='BusTypes' and @Schema='dbo']","object_type":"Table"}},{"cell_type":"markdown","source":["# [dbo].[Offices]"],"metadata":{"urn":"Server[@Name='Hi\\SQLEXPRESS01']/Database[@Name='DBBookingTicket']/Table[@Name='Offices' and @Schema='dbo']","object_type":"Table"}},{"outputs":[],"execution_count":0,"cell_type":"code","source":["SET IDENTITY_INSERT [dbo].[Offices] ON \r\n","INSERT [dbo].[Offices] ([OfficeId], [OfficeName], [Address], [PhoneNumber], [WardId], [IsActive]) VALUES (1, N'VP.Trần Vỹ', N'162 Đường Trần Vỹ', N'0832680061', 1, 1)\r\n","INSERT [dbo].[Offices] ([OfficeId], [OfficeName], [Address], [PhoneNumber], [WardId], [IsActive]) VALUES (2, N'VP.Xã Vĩnh Tường', N'Thôn Hoa Sơn 4', N'0964838967', 4, 1)\r\n","SET IDENTITY_INSERT [dbo].[Offices] OFF\r\n","GO\r\n"],"metadata":{"urn":"Server[@Name='Hi\\SQLEXPRESS01']/Database[@Name='DBBookingTicket']/Table[@Name='Offices' and @Schema='dbo']","object_type":"Table"}},{"cell_type":"markdown","source":["# [dbo].[PaymentMethods]"],"metadata":{"urn":"Server[@Name='Hi\\SQLEXPRESS01']/Database[@Name='DBBookingTicket']/Table[@Name='PaymentMethods' and @Schema='dbo']","object_type":"Table"}},{"outputs":[],"execution_count":0,"cell_type":"code","source":["SET IDENTITY_INSERT [dbo].[PaymentMethods] ON \r\n","INSERT [dbo].[PaymentMethods] ([PaymentMethodId], [PaymentType]) VALUES (1, N'Tiền mặt')\r\n","INSERT [dbo].[PaymentMethods] ([PaymentMethodId], [PaymentType]) VALUES (2, N'Chuyển khoản / App')\r\n","INSERT [dbo].[PaymentMethods] ([PaymentMethodId], [PaymentType]) VALUES (3, N'VNPay')\r\n","SET IDENTITY_INSERT [dbo].[PaymentMethods] OFF\r\n","GO\r\n"],"metadata":{"urn":"Server[@Name='Hi\\SQLEXPRESS01']/Database[@Name='DBBookingTicket']/Table[@Name='PaymentMethods' and @Schema='dbo']","object_type":"Table"}},{"cell_type":"markdown","source":["# [dbo].[Provinces]"],"metadata":{"urn":"Server[@Name='Hi\\SQLEXPRESS01']/Database[@Name='DBBookingTicket']/Table[@Name='Provinces' and @Schema='dbo']","object_type":"Table"}},{"outputs":[],"execution_count":0,"cell_type":"code","source":["SET IDENTITY_INSERT [dbo].[Provinces] ON \r\n","INSERT [dbo].[Provinces] ([ProvinceId], [ProvinceName], [IsActive]) VALUES (1, N'Hà Nội', 1)\r\n","INSERT [dbo].[Provinces] ([ProvinceId], [ProvinceName], [IsActive]) VALUES (2, N'Nghệ An', 1)\r\n","SET IDENTITY_INSERT [dbo].[Provinces] OFF\r\n","GO\r\n"],"metadata":{"urn":"Server[@Name='Hi\\SQLEXPRESS01']/Database[@Name='DBBookingTicket']/Table[@Name='Provinces' and @Schema='dbo']","object_type":"Table"}},{"cell_type":"markdown","source":["# [dbo].[Routes]"],"metadata":{"urn":"Server[@Name='Hi\\SQLEXPRESS01']/Database[@Name='DBBookingTicket']/Table[@Name='Routes' and @Schema='dbo']","object_type":"Table"}},{"outputs":[],"execution_count":0,"cell_type":"code","source":["SET IDENTITY_INSERT [dbo].[Routes] ON \r\n","INSERT [dbo].[Routes] ([RouteId], [RouteName], [DepartureOfficeId], [ArrivalOfficeId], [BasePrice], [DistanceKm], [EstimatedTimeHours], [IsActive]) VALUES (1, N'Vp.Trần Vỹ - Vp.Xã Vĩnh Tường', 1, 2, CAST(300000.00 AS Decimal(18, 2)), CAST(350.00 AS Decimal(10, 2)), 8, 1)\r\n","SET IDENTITY_INSERT [dbo].[Routes] OFF\r\n","GO\r\n"],"metadata":{"urn":"Server[@Name='Hi\\SQLEXPRESS01']/Database[@Name='DBBookingTicket']/Table[@Name='Routes' and @Schema='dbo']","object_type":"Table"}},{"cell_type":"markdown","source":["# [dbo].[Schedules]"],"metadata":{"urn":"Server[@Name='Hi\\SQLEXPRESS01']/Database[@Name='DBBookingTicket']/Table[@Name='Schedules' and @Schema='dbo']","object_type":"Table"}},{"outputs":[],"execution_count":0,"cell_type":"code","source":["SET IDENTITY_INSERT [dbo].[Schedules] ON \r\n","INSERT [dbo].[Schedules] ([ScheduleId], [RouteId], [BusId], [DepartureTime], [ArrivalTime], [TicketPrice], [IsActive]) VALUES (1, 1, 1, CAST(N'10:44:00' AS Time), CAST(N'22:32:00' AS Time), CAST(350000.00 AS Decimal(18, 2)), 1)\r\n","SET IDENTITY_INSERT [dbo].[Schedules] OFF\r\n","GO\r\n"],"metadata":{"urn":"Server[@Name='Hi\\SQLEXPRESS01']/Database[@Name='DBBookingTicket']/Table[@Name='Schedules' and @Schema='dbo']","object_type":"Table"}},{"cell_type":"markdown","source":["# [dbo].[Seats]"],"metadata":{"urn":"Server[@Name='Hi\\SQLEXPRESS01']/Database[@Name='DBBookingTicket']/Table[@Name='Seats' and @Schema='dbo']","object_type":"Table"}},{"outputs":[],"execution_count":0,"cell_type":"code","source":["SET IDENTITY_INSERT [dbo].[Seats] ON \r\n","INSERT [dbo].[Seats] ([SeatId], [SeatNumber], [Floor], [Row], [Column], [IsActive], [BusId]) VALUES (1, N'D1', 1, 0, 0, 1, 1)\r\n","INSERT [dbo].[Seats] ([SeatId], [SeatNumber], [Floor], [Row], [Column], [IsActive], [BusId]) VALUES (2, N'C1', 1, 0, 0, 1, 1)\r\n","INSERT [dbo].[Seats] ([SeatId], [SeatNumber], [Floor], [Row], [Column], [IsActive], [BusId]) VALUES (3, N'D2', 1, 0, 0, 1, 1)\r\n","INSERT [dbo].[Seats] ([SeatId], [SeatNumber], [Floor], [Row], [Column], [IsActive], [BusId]) VALUES (4, N'C2', 1, 0, 0, 1, 1)\r\n","INSERT [dbo].[Seats] ([SeatId], [SeatNumber], [Floor], [Row], [Column], [IsActive], [BusId]) VALUES (5, N'D3', 1, 0, 0, 1, 1)\r\n","INSERT [dbo].[Seats] ([SeatId], [SeatNumber], [Floor], [Row], [Column], [IsActive], [BusId]) VALUES (6, N'C3', 1, 0, 0, 1, 1)\r\n","INSERT [dbo].[Seats] ([SeatId], [SeatNumber], [Floor], [Row], [Column], [IsActive], [BusId]) VALUES (7, N'D4', 1, 0, 0, 1, 1)\r\n","INSERT [dbo].[Seats] ([SeatId], [SeatNumber], [Floor], [Row], [Column], [IsActive], [BusId]) VALUES (8, N'C4', 1, 0, 0, 1, 1)\r\n","INSERT [dbo].[Seats] ([SeatId], [SeatNumber], [Floor], [Row], [Column], [IsActive], [BusId]) VALUES (9, N'D5', 1, 0, 0, 1, 1)\r\n","INSERT [dbo].[Seats] ([SeatId], [SeatNumber], [Floor], [Row], [Column], [IsActive], [BusId]) VALUES (10, N'C5', 1, 0, 0, 1, 1)\r\n","INSERT [dbo].[Seats] ([SeatId], [SeatNumber], [Floor], [Row], [Column], [IsActive], [BusId]) VALUES (11, N'A1', 2, 0, 0, 1, 1)\r\n","INSERT [dbo].[Seats] ([SeatId], [SeatNumber], [Floor], [Row], [Column], [IsActive], [BusId]) VALUES (12, N'A2', 2, 0, 0, 1, 1)\r\n","INSERT [dbo].[Seats] ([SeatId], [SeatNumber], [Floor], [Row], [Column], [IsActive], [BusId]) VALUES (13, N'A3', 2, 0, 0, 1, 1)\r\n","INSERT [dbo].[Seats] ([SeatId], [SeatNumber], [Floor], [Row], [Column], [IsActive], [BusId]) VALUES (14, N'A4', 2, 0, 0, 1, 1)\r\n","INSERT [dbo].[Seats] ([SeatId], [SeatNumber], [Floor], [Row], [Column], [IsActive], [BusId]) VALUES (15, N'A5', 2, 0, 0, 1, 1)\r\n","INSERT [dbo].[Seats] ([SeatId], [SeatNumber], [Floor], [Row], [Column], [IsActive], [BusId]) VALUES (16, N'A6', 2, 0, 0, 1, 1)\r\n","INSERT [dbo].[Seats] ([SeatId], [SeatNumber], [Floor], [Row], [Column], [IsActive], [BusId]) VALUES (17, N'B1', 2, 0, 0, 1, 1)\r\n","INSERT [dbo].[Seats] ([SeatId], [SeatNumber], [Floor], [Row], [Column], [IsActive], [BusId]) VALUES (18, N'B2', 2, 0, 0, 1, 1)\r\n","INSERT [dbo].[Seats] ([SeatId], [SeatNumber], [Floor], [Row], [Column], [IsActive], [BusId]) VALUES (19, N'B3', 2, 0, 0, 1, 1)\r\n","INSERT [dbo].[Seats] ([SeatId], [SeatNumber], [Floor], [Row], [Column], [IsActive], [BusId]) VALUES (20, N'B4', 2, 0, 0, 1, 1)\r\n","INSERT [dbo].[Seats] ([SeatId], [SeatNumber], [Floor], [Row], [Column], [IsActive], [BusId]) VALUES (21, N'B5', 2, 0, 0, 1, 1)\r\n","SET IDENTITY_INSERT [dbo].[Seats] OFF\r\n","GO\r\n"],"metadata":{"urn":"Server[@Name='Hi\\SQLEXPRESS01']/Database[@Name='DBBookingTicket']/Table[@Name='Seats' and @Schema='dbo']","object_type":"Table"}},{"cell_type":"markdown","source":["# [dbo].[Tickets]"],"metadata":{"urn":"Server[@Name='Hi\\SQLEXPRESS01']/Database[@Name='DBBookingTicket']/Table[@Name='Tickets' and @Schema='dbo']","object_type":"Table"}},{"outputs":[],"execution_count":0,"cell_type":"code","source":["SET IDENTITY_INSERT [dbo].[Tickets] ON \r\n","INSERT [dbo].[Tickets] ([TicketId], [TripSeatId], [BookingId], [Price], [Status], [CreatedAt], [TripsTripId]) VALUES (1, 4, 1, CAST(350000.00 AS Decimal(18, 2)), 0, CAST(N'2026-04-02T10:33:38.1616573' AS DateTime2), NULL)\r\n","SET IDENTITY_INSERT [dbo].[Tickets] OFF\r\n","GO\r\n"],"metadata":{"urn":"Server[@Name='Hi\\SQLEXPRESS01']/Database[@Name='DBBookingTicket']/Table[@Name='Tickets' and @Schema='dbo']","object_type":"Table"}},{"cell_type":"markdown","source":["# [dbo].[Trips]"],"metadata":{"urn":"Server[@Name='Hi\\SQLEXPRESS01']/Database[@Name='DBBookingTicket']/Table[@Name='Trips' and @Schema='dbo']","object_type":"Table"}},{"outputs":[],"execution_count":0,"cell_type":"code","source":["SET IDENTITY_INSERT [dbo].[Trips] ON \r\n","INSERT [dbo].[Trips] ([TripId], [ScheduleId], [TicketPrice], [DepartureTime], [ArrivalTime], [Status], [BusId], [RouteId]) VALUES (1, 1, CAST(350000.00 AS Decimal(18, 2)), CAST(N'2026-04-02T10:44:00.0000000' AS DateTime2), CAST(N'2026-04-02T22:32:00.0000000' AS DateTime2), 0, 1, 1)\r\n","SET IDENTITY_INSERT [dbo].[Trips] OFF\r\n","GO\r\n"],"metadata":{"urn":"Server[@Name='Hi\\SQLEXPRESS01']/Database[@Name='DBBookingTicket']/Table[@Name='Trips' and @Schema='dbo']","object_type":"Table"}},{"cell_type":"markdown","source":["# [dbo].[TripSeats]"],"metadata":{"urn":"Server[@Name='Hi\\SQLEXPRESS01']/Database[@Name='DBBookingTicket']/Table[@Name='TripSeats' and @Schema='dbo']","object_type":"Table"}},{"outputs":[],"execution_count":0,"cell_type":"code","source":["SET IDENTITY_INSERT [dbo].[TripSeats] ON \r\n","INSERT [dbo].[TripSeats] ([TripSeatId], [TripId], [SeatId], [Status]) VALUES (1, 1, 1, 0)\r\n","INSERT [dbo].[TripSeats] ([TripSeatId], [TripId], [SeatId], [Status]) VALUES (2, 1, 2, 0)\r\n","INSERT [dbo].[TripSeats] ([TripSeatId], [TripId], [SeatId], [Status]) VALUES (3, 1, 3, 0)\r\n","INSERT [dbo].[TripSeats] ([TripSeatId], [TripId], [SeatId], [Status]) VALUES (4, 1, 4, 1)\r\n","INSERT [dbo].[TripSeats] ([TripSeatId], [TripId], [SeatId], [Status]) VALUES (5, 1, 5, 0)\r\n","INSERT [dbo].[TripSeats] ([TripSeatId], [TripId], [SeatId], [Status]) VALUES (6, 1, 6, 0)\r\n","INSERT [dbo].[TripSeats] ([TripSeatId], [TripId], [SeatId], [Status]) VALUES (7, 1, 7, 0)\r\n","INSERT [dbo].[TripSeats] ([TripSeatId], [TripId], [SeatId], [Status]) VALUES (8, 1, 8, 0)\r\n","INSERT [dbo].[TripSeats] ([TripSeatId], [TripId], [SeatId], [Status]) VALUES (9, 1, 9, 0)\r\n","INSERT [dbo].[TripSeats] ([TripSeatId], [TripId], [SeatId], [Status]) VALUES (10, 1, 10, 0)\r\n","INSERT [dbo].[TripSeats] ([TripSeatId], [TripId], [SeatId], [Status]) VALUES (11, 1, 11, 0)\r\n","INSERT [dbo].[TripSeats] ([TripSeatId], [TripId], [SeatId], [Status]) VALUES (12, 1, 12, 0)\r\n","INSERT [dbo].[TripSeats] ([TripSeatId], [TripId], [SeatId], [Status]) VALUES (13, 1, 13, 0)\r\n","INSERT [dbo].[TripSeats] ([TripSeatId], [TripId], [SeatId], [Status]) VALUES (14, 1, 14, 0)\r\n","INSERT [dbo].[TripSeats] ([TripSeatId], [TripId], [SeatId], [Status]) VALUES (15, 1, 15, 0)\r\n","INSERT [dbo].[TripSeats] ([TripSeatId], [TripId], [SeatId], [Status]) VALUES (16, 1, 16, 0)\r\n","INSERT [dbo].[TripSeats] ([TripSeatId], [TripId], [SeatId], [Status]) VALUES (17, 1, 17, 0)\r\n","INSERT [dbo].[TripSeats] ([TripSeatId], [TripId], [SeatId], [Status]) VALUES (18, 1, 18, 0)\r\n","INSERT [dbo].[TripSeats] ([TripSeatId], [TripId], [SeatId], [Status]) VALUES (19, 1, 19, 0)\r\n","INSERT [dbo].[TripSeats] ([TripSeatId], [TripId], [SeatId], [Status]) VALUES (20, 1, 20, 0)\r\n","INSERT [dbo].[TripSeats] ([TripSeatId], [TripId], [SeatId], [Status]) VALUES (21, 1, 21, 0)\r\n","SET IDENTITY_INSERT [dbo].[TripSeats] OFF\r\n","GO\r\n"],"metadata":{"urn":"Server[@Name='Hi\\SQLEXPRESS01']/Database[@Name='DBBookingTicket']/Table[@Name='TripSeats' and @Schema='dbo']","object_type":"Table"}},{"cell_type":"markdown","source":["# [dbo].[Wards]"],"metadata":{"urn":"Server[@Name='Hi\\SQLEXPRESS01']/Database[@Name='DBBookingTicket']/Table[@Name='Wards' and @Schema='dbo']","object_type":"Table"}},{"outputs":[],"execution_count":0,"cell_type":"code","source":["SET IDENTITY_INSERT [dbo].[Wards] ON \r\n","INSERT [dbo].[Wards] ([WardId], [WardName], [ProvinceId], [IsActive]) VALUES (1, N'Quận Cầu Giấy', 1, 1)\r\n","INSERT [dbo].[Wards] ([WardId], [WardName], [ProvinceId], [IsActive]) VALUES (2, N'Quận Hoàng Mai', 1, 1)\r\n","INSERT [dbo].[Wards] ([WardId], [WardName], [ProvinceId], [IsActive]) VALUES (3, N'Quận Hà Đông', 1, 1)\r\n","INSERT [dbo].[Wards] ([WardId], [WardName], [ProvinceId], [IsActive]) VALUES (4, N'Xã Vĩnh Tường', 2, 1)\r\n","INSERT [dbo].[Wards] ([WardId], [WardName], [ProvinceId], [IsActive]) VALUES (5, N'Xã Nhân Hòa', 2, 1)\r\n","INSERT [dbo].[Wards] ([WardId], [WardName], [ProvinceId], [IsActive]) VALUES (6, N'Xã Anh Sơn', 2, 1)\r\n","INSERT [dbo].[Wards] ([WardId], [WardName], [ProvinceId], [IsActive]) VALUES (7, N'Xã Yên Xuân', 2, 1)\r\n","INSERT [dbo].[Wards] ([WardId], [WardName], [ProvinceId], [IsActive]) VALUES (8, N'Xã Đô Lương', 2, 1)\r\n","INSERT [dbo].[Wards] ([WardId], [WardName], [ProvinceId], [IsActive]) VALUES (9, N'Xã Văn Hiến', 2, 1)\r\n","INSERT [dbo].[Wards] ([WardId], [WardName], [ProvinceId], [IsActive]) VALUES (10, N'Xã Hợp Minh', 2, 1)\r\n","INSERT [dbo].[Wards] ([WardId], [WardName], [ProvinceId], [IsActive]) VALUES (11, N'Xã Minh Châu', 2, 1)\r\n","INSERT [dbo].[Wards] ([WardId], [WardName], [ProvinceId], [IsActive]) VALUES (12, N'Xã Diễn Châu', 2, 1)\r\n","INSERT [dbo].[Wards] ([WardId], [WardName], [ProvinceId], [IsActive]) VALUES (13, N'Xã Hải Châu', 2, 1)\r\n","INSERT [dbo].[Wards] ([WardId], [WardName], [ProvinceId], [IsActive]) VALUES (14, N'Xã Quỳnh Phú', 2, 1)\r\n","INSERT [dbo].[Wards] ([WardId], [WardName], [ProvinceId], [IsActive]) VALUES (15, N'Xã Quỳnh Anh', 2, 1)\r\n","INSERT [dbo].[Wards] ([WardId], [WardName], [ProvinceId], [IsActive]) VALUES (16, N'Xã Quỳnh Mai', 2, 1)\r\n","INSERT [dbo].[Wards] ([WardId], [WardName], [ProvinceId], [IsActive]) VALUES (17, N'Xã Tân Mai', 2, 1)\r\n","SET IDENTITY_INSERT [dbo].[Wards] OFF\r\n","GO\r\n"],"metadata":{"urn":"Server[@Name='Hi\\SQLEXPRESS01']/Database[@Name='DBBookingTicket']/Table[@Name='Wards' and @Schema='dbo']","object_type":"Table"}},{"cell_type":"markdown","source":["# [FK_AspNetRoleClaims_AspNetRoles_RoleId]"],"metadata":{"urn":"Server[@Name='Hi\\SQLEXPRESS01']/Database[@Name='DBBookingTicket']/Table[@Name='AspNetRoleClaims' and @Schema='dbo']/ForeignKey[@Name='FK_AspNetRoleClaims_AspNetRoles_RoleId']","object_type":"ForeignKey"}},{"outputs":[],"execution_count":0,"cell_type":"code","source":["ALTER TABLE [dbo].[AspNetRoleClaims]  WITH CHECK ADD  CONSTRAINT [FK_AspNetRoleClaims_AspNetRoles_RoleId] FOREIGN KEY([RoleId])\r\nREFERENCES [dbo].[AspNetRoles] ([Id])\r\nON DELETE CASCADE\r\n","GO\r\n","ALTER TABLE [dbo].[AspNetRoleClaims] CHECK CONSTRAINT [FK_AspNetRoleClaims_AspNetRoles_RoleId]\r\n","GO\r\n"],"metadata":{"urn":"Server[@Name='Hi\\SQLEXPRESS01']/Database[@Name='DBBookingTicket']/Table[@Name='AspNetRoleClaims' and @Schema='dbo']/ForeignKey[@Name='FK_AspNetRoleClaims_AspNetRoles_RoleId']","object_type":"ForeignKey"}},{"cell_type":"markdown","source":["# [FK_AspNetUserClaims_AspNetUsers_UserId]"],"metadata":{"urn":"Server[@Name='Hi\\SQLEXPRESS01']/Database[@Name='DBBookingTicket']/Table[@Name='AspNetUserClaims' and @Schema='dbo']/ForeignKey[@Name='FK_AspNetUserClaims_AspNetUsers_UserId']","object_type":"ForeignKey"}},{"outputs":[],"execution_count":0,"cell_type":"code","source":["ALTER TABLE [dbo].[AspNetUserClaims]  WITH CHECK ADD  CONSTRAINT [FK_AspNetUserClaims_AspNetUsers_UserId] FOREIGN KEY([UserId])\r\nREFERENCES [dbo].[AspNetUsers] ([Id])\r\nON DELETE CASCADE\r\n","GO\r\n","ALTER TABLE [dbo].[AspNetUserClaims] CHECK CONSTRAINT [FK_AspNetUserClaims_AspNetUsers_UserId]\r\n","GO\r\n"],"metadata":{"urn":"Server[@Name='Hi\\SQLEXPRESS01']/Database[@Name='DBBookingTicket']/Table[@Name='AspNetUserClaims' and @Schema='dbo']/ForeignKey[@Name='FK_AspNetUserClaims_AspNetUsers_UserId']","object_type":"ForeignKey"}},{"cell_type":"markdown","source":["# [FK_AspNetUserLogins_AspNetUsers_UserId]"],"metadata":{"urn":"Server[@Name='Hi\\SQLEXPRESS01']/Database[@Name='DBBookingTicket']/Table[@Name='AspNetUserLogins' and @Schema='dbo']/ForeignKey[@Name='FK_AspNetUserLogins_AspNetUsers_UserId']","object_type":"ForeignKey"}},{"outputs":[],"execution_count":0,"cell_type":"code","source":["ALTER TABLE [dbo].[AspNetUserLogins]  WITH CHECK ADD  CONSTRAINT [FK_AspNetUserLogins_AspNetUsers_UserId] FOREIGN KEY([UserId])\r\nREFERENCES [dbo].[AspNetUsers] ([Id])\r\nON DELETE CASCADE\r\n","GO\r\n","ALTER TABLE [dbo].[AspNetUserLogins] CHECK CONSTRAINT [FK_AspNetUserLogins_AspNetUsers_UserId]\r\n","GO\r\n"],"metadata":{"urn":"Server[@Name='Hi\\SQLEXPRESS01']/Database[@Name='DBBookingTicket']/Table[@Name='AspNetUserLogins' and @Schema='dbo']/ForeignKey[@Name='FK_AspNetUserLogins_AspNetUsers_UserId']","object_type":"ForeignKey"}},{"cell_type":"markdown","source":["# [FK_AspNetUserRoles_AspNetRoles_RoleId]"],"metadata":{"urn":"Server[@Name='Hi\\SQLEXPRESS01']/Database[@Name='DBBookingTicket']/Table[@Name='AspNetUserRoles' and @Schema='dbo']/ForeignKey[@Name='FK_AspNetUserRoles_AspNetRoles_RoleId']","object_type":"ForeignKey"}},{"outputs":[],"execution_count":0,"cell_type":"code","source":["ALTER TABLE [dbo].[AspNetUserRoles]  WITH CHECK ADD  CONSTRAINT [FK_AspNetUserRoles_AspNetRoles_RoleId] FOREIGN KEY([RoleId])\r\nREFERENCES [dbo].[AspNetRoles] ([Id])\r\nON DELETE CASCADE\r\n","GO\r\n","ALTER TABLE [dbo].[AspNetUserRoles] CHECK CONSTRAINT [FK_AspNetUserRoles_AspNetRoles_RoleId]\r\n","GO\r\n"],"metadata":{"urn":"Server[@Name='Hi\\SQLEXPRESS01']/Database[@Name='DBBookingTicket']/Table[@Name='AspNetUserRoles' and @Schema='dbo']/ForeignKey[@Name='FK_AspNetUserRoles_AspNetRoles_RoleId']","object_type":"ForeignKey"}},{"cell_type":"markdown","source":["# [FK_AspNetUserRoles_AspNetUsers_UserId]"],"metadata":{"urn":"Server[@Name='Hi\\SQLEXPRESS01']/Database[@Name='DBBookingTicket']/Table[@Name='AspNetUserRoles' and @Schema='dbo']/ForeignKey[@Name='FK_AspNetUserRoles_AspNetUsers_UserId']","object_type":"ForeignKey"}},{"outputs":[],"execution_count":0,"cell_type":"code","source":["ALTER TABLE [dbo].[AspNetUserRoles]  WITH CHECK ADD  CONSTRAINT [FK_AspNetUserRoles_AspNetUsers_UserId] FOREIGN KEY([UserId])\r\nREFERENCES [dbo].[AspNetUsers] ([Id])\r\nON DELETE CASCADE\r\n","GO\r\n","ALTER TABLE [dbo].[AspNetUserRoles] CHECK CONSTRAINT [FK_AspNetUserRoles_AspNetUsers_UserId]\r\n","GO\r\n"],"metadata":{"urn":"Server[@Name='Hi\\SQLEXPRESS01']/Database[@Name='DBBookingTicket']/Table[@Name='AspNetUserRoles' and @Schema='dbo']/ForeignKey[@Name='FK_AspNetUserRoles_AspNetUsers_UserId']","object_type":"ForeignKey"}},{"cell_type":"markdown","source":["# [FK_AspNetUserTokens_AspNetUsers_UserId]"],"metadata":{"urn":"Server[@Name='Hi\\SQLEXPRESS01']/Database[@Name='DBBookingTicket']/Table[@Name='AspNetUserTokens' and @Schema='dbo']/ForeignKey[@Name='FK_AspNetUserTokens_AspNetUsers_UserId']","object_type":"ForeignKey"}},{"outputs":[],"execution_count":0,"cell_type":"code","source":["ALTER TABLE [dbo].[AspNetUserTokens]  WITH CHECK ADD  CONSTRAINT [FK_AspNetUserTokens_AspNetUsers_UserId] FOREIGN KEY([UserId])\r\nREFERENCES [dbo].[AspNetUsers] ([Id])\r\nON DELETE CASCADE\r\n","GO\r\n","ALTER TABLE [dbo].[AspNetUserTokens] CHECK CONSTRAINT [FK_AspNetUserTokens_AspNetUsers_UserId]\r\n","GO\r\n"],"metadata":{"urn":"Server[@Name='Hi\\SQLEXPRESS01']/Database[@Name='DBBookingTicket']/Table[@Name='AspNetUserTokens' and @Schema='dbo']/ForeignKey[@Name='FK_AspNetUserTokens_AspNetUsers_UserId']","object_type":"ForeignKey"}},{"cell_type":"markdown","source":["# [FK_Bookings_AspNetUsers_UserId]"],"metadata":{"urn":"Server[@Name='Hi\\SQLEXPRESS01']/Database[@Name='DBBookingTicket']/Table[@Name='Bookings' and @Schema='dbo']/ForeignKey[@Name='FK_Bookings_AspNetUsers_UserId']","object_type":"ForeignKey"}},{"outputs":[],"execution_count":0,"cell_type":"code","source":["ALTER TABLE [dbo].[Bookings]  WITH CHECK ADD  CONSTRAINT [FK_Bookings_AspNetUsers_UserId] FOREIGN KEY([UserId])\r\nREFERENCES [dbo].[AspNetUsers] ([Id])\r\n","GO\r\n","ALTER TABLE [dbo].[Bookings] CHECK CONSTRAINT [FK_Bookings_AspNetUsers_UserId]\r\n","GO\r\n"],"metadata":{"urn":"Server[@Name='Hi\\SQLEXPRESS01']/Database[@Name='DBBookingTicket']/Table[@Name='Bookings' and @Schema='dbo']/ForeignKey[@Name='FK_Bookings_AspNetUsers_UserId']","object_type":"ForeignKey"}},{"cell_type":"markdown","source":["# [FK_Buses_BusTypes_BusTypeId]"],"metadata":{"urn":"Server[@Name='Hi\\SQLEXPRESS01']/Database[@Name='DBBookingTicket']/Table[@Name='Buses' and @Schema='dbo']/ForeignKey[@Name='FK_Buses_BusTypes_BusTypeId']","object_type":"ForeignKey"}},{"outputs":[],"execution_count":0,"cell_type":"code","source":["ALTER TABLE [dbo].[Buses]  WITH CHECK ADD  CONSTRAINT [FK_Buses_BusTypes_BusTypeId] FOREIGN KEY([BusTypeId])\r\nREFERENCES [dbo].[BusTypes] ([BusTypeId])\r\n","GO\r\n","ALTER TABLE [dbo].[Buses] CHECK CONSTRAINT [FK_Buses_BusTypes_BusTypeId]\r\n","GO\r\n"],"metadata":{"urn":"Server[@Name='Hi\\SQLEXPRESS01']/Database[@Name='DBBookingTicket']/Table[@Name='Buses' and @Schema='dbo']/ForeignKey[@Name='FK_Buses_BusTypes_BusTypeId']","object_type":"ForeignKey"}},{"cell_type":"markdown","source":["# [FK_Offices_Wards_WardId]"],"metadata":{"urn":"Server[@Name='Hi\\SQLEXPRESS01']/Database[@Name='DBBookingTicket']/Table[@Name='Offices' and @Schema='dbo']/ForeignKey[@Name='FK_Offices_Wards_WardId']","object_type":"ForeignKey"}},{"outputs":[],"execution_count":0,"cell_type":"code","source":["ALTER TABLE [dbo].[Offices]  WITH CHECK ADD  CONSTRAINT [FK_Offices_Wards_WardId] FOREIGN KEY([WardId])\r\nREFERENCES [dbo].[Wards] ([WardId])\r\n","GO\r\n","ALTER TABLE [dbo].[Offices] CHECK CONSTRAINT [FK_Offices_Wards_WardId]\r\n","GO\r\n"],"metadata":{"urn":"Server[@Name='Hi\\SQLEXPRESS01']/Database[@Name='DBBookingTicket']/Table[@Name='Offices' and @Schema='dbo']/ForeignKey[@Name='FK_Offices_Wards_WardId']","object_type":"ForeignKey"}},{"cell_type":"markdown","source":["# [FK_Payments_Bookings_BookingId]"],"metadata":{"urn":"Server[@Name='Hi\\SQLEXPRESS01']/Database[@Name='DBBookingTicket']/Table[@Name='Payments' and @Schema='dbo']/ForeignKey[@Name='FK_Payments_Bookings_BookingId']","object_type":"ForeignKey"}},{"outputs":[],"execution_count":0,"cell_type":"code","source":["ALTER TABLE [dbo].[Payments]  WITH CHECK ADD  CONSTRAINT [FK_Payments_Bookings_BookingId] FOREIGN KEY([BookingId])\r\nREFERENCES [dbo].[Bookings] ([BookingId])\r\nON DELETE CASCADE\r\n","GO\r\n","ALTER TABLE [dbo].[Payments] CHECK CONSTRAINT [FK_Payments_Bookings_BookingId]\r\n","GO\r\n"],"metadata":{"urn":"Server[@Name='Hi\\SQLEXPRESS01']/Database[@Name='DBBookingTicket']/Table[@Name='Payments' and @Schema='dbo']/ForeignKey[@Name='FK_Payments_Bookings_BookingId']","object_type":"ForeignKey"}},{"cell_type":"markdown","source":["# [FK_Payments_PaymentMethods_PaymentMethodId]"],"metadata":{"urn":"Server[@Name='Hi\\SQLEXPRESS01']/Database[@Name='DBBookingTicket']/Table[@Name='Payments' and @Schema='dbo']/ForeignKey[@Name='FK_Payments_PaymentMethods_PaymentMethodId']","object_type":"ForeignKey"}},{"outputs":[],"execution_count":0,"cell_type":"code","source":["ALTER TABLE [dbo].[Payments]  WITH CHECK ADD  CONSTRAINT [FK_Payments_PaymentMethods_PaymentMethodId] FOREIGN KEY([PaymentMethodId])\r\nREFERENCES [dbo].[PaymentMethods] ([PaymentMethodId])\r\n","GO\r\n","ALTER TABLE [dbo].[Payments] CHECK CONSTRAINT [FK_Payments_PaymentMethods_PaymentMethodId]\r\n","GO\r\n"],"metadata":{"urn":"Server[@Name='Hi\\SQLEXPRESS01']/Database[@Name='DBBookingTicket']/Table[@Name='Payments' and @Schema='dbo']/ForeignKey[@Name='FK_Payments_PaymentMethods_PaymentMethodId']","object_type":"ForeignKey"}},{"cell_type":"markdown","source":["# [FK_Payments_PaymentMethods_PaymentMethodsPaymentMethodId]"],"metadata":{"urn":"Server[@Name='Hi\\SQLEXPRESS01']/Database[@Name='DBBookingTicket']/Table[@Name='Payments' and @Schema='dbo']/ForeignKey[@Name='FK_Payments_PaymentMethods_PaymentMethodsPaymentMethodId']","object_type":"ForeignKey"}},{"outputs":[],"execution_count":0,"cell_type":"code","source":["ALTER TABLE [dbo].[Payments]  WITH CHECK ADD  CONSTRAINT [FK_Payments_PaymentMethods_PaymentMethodsPaymentMethodId] FOREIGN KEY([PaymentMethodsPaymentMethodId])\r\nREFERENCES [dbo].[PaymentMethods] ([PaymentMethodId])\r\n","GO\r\n","ALTER TABLE [dbo].[Payments] CHECK CONSTRAINT [FK_Payments_PaymentMethods_PaymentMethodsPaymentMethodId]\r\n","GO\r\n"],"metadata":{"urn":"Server[@Name='Hi\\SQLEXPRESS01']/Database[@Name='DBBookingTicket']/Table[@Name='Payments' and @Schema='dbo']/ForeignKey[@Name='FK_Payments_PaymentMethods_PaymentMethodsPaymentMethodId']","object_type":"ForeignKey"}},{"cell_type":"markdown","source":["# [FK_Routes_Offices_ArrivalOfficeId]"],"metadata":{"urn":"Server[@Name='Hi\\SQLEXPRESS01']/Database[@Name='DBBookingTicket']/Table[@Name='Routes' and @Schema='dbo']/ForeignKey[@Name='FK_Routes_Offices_ArrivalOfficeId']","object_type":"ForeignKey"}},{"outputs":[],"execution_count":0,"cell_type":"code","source":["ALTER TABLE [dbo].[Routes]  WITH CHECK ADD  CONSTRAINT [FK_Routes_Offices_ArrivalOfficeId] FOREIGN KEY([ArrivalOfficeId])\r\nREFERENCES [dbo].[Offices] ([OfficeId])\r\n","GO\r\n","ALTER TABLE [dbo].[Routes] CHECK CONSTRAINT [FK_Routes_Offices_ArrivalOfficeId]\r\n","GO\r\n"],"metadata":{"urn":"Server[@Name='Hi\\SQLEXPRESS01']/Database[@Name='DBBookingTicket']/Table[@Name='Routes' and @Schema='dbo']/ForeignKey[@Name='FK_Routes_Offices_ArrivalOfficeId']","object_type":"ForeignKey"}},{"cell_type":"markdown","source":["# [FK_Routes_Offices_DepartureOfficeId]"],"metadata":{"urn":"Server[@Name='Hi\\SQLEXPRESS01']/Database[@Name='DBBookingTicket']/Table[@Name='Routes' and @Schema='dbo']/ForeignKey[@Name='FK_Routes_Offices_DepartureOfficeId']","object_type":"ForeignKey"}},{"outputs":[],"execution_count":0,"cell_type":"code","source":["ALTER TABLE [dbo].[Routes]  WITH CHECK ADD  CONSTRAINT [FK_Routes_Offices_DepartureOfficeId] FOREIGN KEY([DepartureOfficeId])\r\nREFERENCES [dbo].[Offices] ([OfficeId])\r\n","GO\r\n","ALTER TABLE [dbo].[Routes] CHECK CONSTRAINT [FK_Routes_Offices_DepartureOfficeId]\r\n","GO\r\n"],"metadata":{"urn":"Server[@Name='Hi\\SQLEXPRESS01']/Database[@Name='DBBookingTicket']/Table[@Name='Routes' and @Schema='dbo']/ForeignKey[@Name='FK_Routes_Offices_DepartureOfficeId']","object_type":"ForeignKey"}},{"cell_type":"markdown","source":["# [FK_Schedules_Buses_BusId]"],"metadata":{"urn":"Server[@Name='Hi\\SQLEXPRESS01']/Database[@Name='DBBookingTicket']/Table[@Name='Schedules' and @Schema='dbo']/ForeignKey[@Name='FK_Schedules_Buses_BusId']","object_type":"ForeignKey"}},{"outputs":[],"execution_count":0,"cell_type":"code","source":["ALTER TABLE [dbo].[Schedules]  WITH CHECK ADD  CONSTRAINT [FK_Schedules_Buses_BusId] FOREIGN KEY([BusId])\r\nREFERENCES [dbo].[Buses] ([BusId])\r\nON DELETE CASCADE\r\n","GO\r\n","ALTER TABLE [dbo].[Schedules] CHECK CONSTRAINT [FK_Schedules_Buses_BusId]\r\n","GO\r\n"],"metadata":{"urn":"Server[@Name='Hi\\SQLEXPRESS01']/Database[@Name='DBBookingTicket']/Table[@Name='Schedules' and @Schema='dbo']/ForeignKey[@Name='FK_Schedules_Buses_BusId']","object_type":"ForeignKey"}},{"cell_type":"markdown","source":["# [FK_Schedules_Routes_RouteId]"],"metadata":{"urn":"Server[@Name='Hi\\SQLEXPRESS01']/Database[@Name='DBBookingTicket']/Table[@Name='Schedules' and @Schema='dbo']/ForeignKey[@Name='FK_Schedules_Routes_RouteId']","object_type":"ForeignKey"}},{"outputs":[],"execution_count":0,"cell_type":"code","source":["ALTER TABLE [dbo].[Schedules]  WITH CHECK ADD  CONSTRAINT [FK_Schedules_Routes_RouteId] FOREIGN KEY([RouteId])\r\nREFERENCES [dbo].[Routes] ([RouteId])\r\nON DELETE CASCADE\r\n","GO\r\n","ALTER TABLE [dbo].[Schedules] CHECK CONSTRAINT [FK_Schedules_Routes_RouteId]\r\n","GO\r\n"],"metadata":{"urn":"Server[@Name='Hi\\SQLEXPRESS01']/Database[@Name='DBBookingTicket']/Table[@Name='Schedules' and @Schema='dbo']/ForeignKey[@Name='FK_Schedules_Routes_RouteId']","object_type":"ForeignKey"}},{"cell_type":"markdown","source":["# [FK_Seats_Buses_BusId]"],"metadata":{"urn":"Server[@Name='Hi\\SQLEXPRESS01']/Database[@Name='DBBookingTicket']/Table[@Name='Seats' and @Schema='dbo']/ForeignKey[@Name='FK_Seats_Buses_BusId']","object_type":"ForeignKey"}},{"outputs":[],"execution_count":0,"cell_type":"code","source":["ALTER TABLE [dbo].[Seats]  WITH CHECK ADD  CONSTRAINT [FK_Seats_Buses_BusId] FOREIGN KEY([BusId])\r\nREFERENCES [dbo].[Buses] ([BusId])\r\nON DELETE CASCADE\r\n","GO\r\n","ALTER TABLE [dbo].[Seats] CHECK CONSTRAINT [FK_Seats_Buses_BusId]\r\n","GO\r\n"],"metadata":{"urn":"Server[@Name='Hi\\SQLEXPRESS01']/Database[@Name='DBBookingTicket']/Table[@Name='Seats' and @Schema='dbo']/ForeignKey[@Name='FK_Seats_Buses_BusId']","object_type":"ForeignKey"}},{"cell_type":"markdown","source":["# [FK_Tickets_Bookings_BookingId]"],"metadata":{"urn":"Server[@Name='Hi\\SQLEXPRESS01']/Database[@Name='DBBookingTicket']/Table[@Name='Tickets' and @Schema='dbo']/ForeignKey[@Name='FK_Tickets_Bookings_BookingId']","object_type":"ForeignKey"}},{"outputs":[],"execution_count":0,"cell_type":"code","source":["ALTER TABLE [dbo].[Tickets]  WITH CHECK ADD  CONSTRAINT [FK_Tickets_Bookings_BookingId] FOREIGN KEY([BookingId])\r\nREFERENCES [dbo].[Bookings] ([BookingId])\r\nON DELETE CASCADE\r\n","GO\r\n","ALTER TABLE [dbo].[Tickets] CHECK CONSTRAINT [FK_Tickets_Bookings_BookingId]\r\n","GO\r\n"],"metadata":{"urn":"Server[@Name='Hi\\SQLEXPRESS01']/Database[@Name='DBBookingTicket']/Table[@Name='Tickets' and @Schema='dbo']/ForeignKey[@Name='FK_Tickets_Bookings_BookingId']","object_type":"ForeignKey"}},{"cell_type":"markdown","source":["# [FK_Tickets_Trips_TripsTripId]"],"metadata":{"urn":"Server[@Name='Hi\\SQLEXPRESS01']/Database[@Name='DBBookingTicket']/Table[@Name='Tickets' and @Schema='dbo']/ForeignKey[@Name='FK_Tickets_Trips_TripsTripId']","object_type":"ForeignKey"}},{"outputs":[],"execution_count":0,"cell_type":"code","source":["ALTER TABLE [dbo].[Tickets]  WITH CHECK ADD  CONSTRAINT [FK_Tickets_Trips_TripsTripId] FOREIGN KEY([TripsTripId])\r\nREFERENCES [dbo].[Trips] ([TripId])\r\n","GO\r\n","ALTER TABLE [dbo].[Tickets] CHECK CONSTRAINT [FK_Tickets_Trips_TripsTripId]\r\n","GO\r\n"],"metadata":{"urn":"Server[@Name='Hi\\SQLEXPRESS01']/Database[@Name='DBBookingTicket']/Table[@Name='Tickets' and @Schema='dbo']/ForeignKey[@Name='FK_Tickets_Trips_TripsTripId']","object_type":"ForeignKey"}},{"cell_type":"markdown","source":["# [FK_Tickets_TripSeats_TripSeatId]"],"metadata":{"urn":"Server[@Name='Hi\\SQLEXPRESS01']/Database[@Name='DBBookingTicket']/Table[@Name='Tickets' and @Schema='dbo']/ForeignKey[@Name='FK_Tickets_TripSeats_TripSeatId']","object_type":"ForeignKey"}},{"outputs":[],"execution_count":0,"cell_type":"code","source":["ALTER TABLE [dbo].[Tickets]  WITH CHECK ADD  CONSTRAINT [FK_Tickets_TripSeats_TripSeatId] FOREIGN KEY([TripSeatId])\r\nREFERENCES [dbo].[TripSeats] ([TripSeatId])\r\n","GO\r\n","ALTER TABLE [dbo].[Tickets] CHECK CONSTRAINT [FK_Tickets_TripSeats_TripSeatId]\r\n","GO\r\n"],"metadata":{"urn":"Server[@Name='Hi\\SQLEXPRESS01']/Database[@Name='DBBookingTicket']/Table[@Name='Tickets' and @Schema='dbo']/ForeignKey[@Name='FK_Tickets_TripSeats_TripSeatId']","object_type":"ForeignKey"}},{"cell_type":"markdown","source":["# [FK_Trips_Buses_BusId]"],"metadata":{"urn":"Server[@Name='Hi\\SQLEXPRESS01']/Database[@Name='DBBookingTicket']/Table[@Name='Trips' and @Schema='dbo']/ForeignKey[@Name='FK_Trips_Buses_BusId']","object_type":"ForeignKey"}},{"outputs":[],"execution_count":0,"cell_type":"code","source":["ALTER TABLE [dbo].[Trips]  WITH CHECK ADD  CONSTRAINT [FK_Trips_Buses_BusId] FOREIGN KEY([BusId])\r\nREFERENCES [dbo].[Buses] ([BusId])\r\n","GO\r\n","ALTER TABLE [dbo].[Trips] CHECK CONSTRAINT [FK_Trips_Buses_BusId]\r\n","GO\r\n"],"metadata":{"urn":"Server[@Name='Hi\\SQLEXPRESS01']/Database[@Name='DBBookingTicket']/Table[@Name='Trips' and @Schema='dbo']/ForeignKey[@Name='FK_Trips_Buses_BusId']","object_type":"ForeignKey"}},{"cell_type":"markdown","source":["# [FK_Trips_Routes_RouteId]"],"metadata":{"urn":"Server[@Name='Hi\\SQLEXPRESS01']/Database[@Name='DBBookingTicket']/Table[@Name='Trips' and @Schema='dbo']/ForeignKey[@Name='FK_Trips_Routes_RouteId']","object_type":"ForeignKey"}},{"outputs":[],"execution_count":0,"cell_type":"code","source":["ALTER TABLE [dbo].[Trips]  WITH CHECK ADD  CONSTRAINT [FK_Trips_Routes_RouteId] FOREIGN KEY([RouteId])\r\nREFERENCES [dbo].[Routes] ([RouteId])\r\n","GO\r\n","ALTER TABLE [dbo].[Trips] CHECK CONSTRAINT [FK_Trips_Routes_RouteId]\r\n","GO\r\n"],"metadata":{"urn":"Server[@Name='Hi\\SQLEXPRESS01']/Database[@Name='DBBookingTicket']/Table[@Name='Trips' and @Schema='dbo']/ForeignKey[@Name='FK_Trips_Routes_RouteId']","object_type":"ForeignKey"}},{"cell_type":"markdown","source":["# [FK_Trips_Schedules_ScheduleId]"],"metadata":{"urn":"Server[@Name='Hi\\SQLEXPRESS01']/Database[@Name='DBBookingTicket']/Table[@Name='Trips' and @Schema='dbo']/ForeignKey[@Name='FK_Trips_Schedules_ScheduleId']","object_type":"ForeignKey"}},{"outputs":[],"execution_count":0,"cell_type":"code","source":["ALTER TABLE [dbo].[Trips]  WITH CHECK ADD  CONSTRAINT [FK_Trips_Schedules_ScheduleId] FOREIGN KEY([ScheduleId])\r\nREFERENCES [dbo].[Schedules] ([ScheduleId])\r\nON DELETE CASCADE\r\n","GO\r\n","ALTER TABLE [dbo].[Trips] CHECK CONSTRAINT [FK_Trips_Schedules_ScheduleId]\r\n","GO\r\n"],"metadata":{"urn":"Server[@Name='Hi\\SQLEXPRESS01']/Database[@Name='DBBookingTicket']/Table[@Name='Trips' and @Schema='dbo']/ForeignKey[@Name='FK_Trips_Schedules_ScheduleId']","object_type":"ForeignKey"}},{"cell_type":"markdown","source":["# [FK_TripSeats_Seats_SeatId]"],"metadata":{"urn":"Server[@Name='Hi\\SQLEXPRESS01']/Database[@Name='DBBookingTicket']/Table[@Name='TripSeats' and @Schema='dbo']/ForeignKey[@Name='FK_TripSeats_Seats_SeatId']","object_type":"ForeignKey"}},{"outputs":[],"execution_count":0,"cell_type":"code","source":["ALTER TABLE [dbo].[TripSeats]  WITH CHECK ADD  CONSTRAINT [FK_TripSeats_Seats_SeatId] FOREIGN KEY([SeatId])\r\nREFERENCES [dbo].[Seats] ([SeatId])\r\n","GO\r\n","ALTER TABLE [dbo].[TripSeats] CHECK CONSTRAINT [FK_TripSeats_Seats_SeatId]\r\n","GO\r\n"],"metadata":{"urn":"Server[@Name='Hi\\SQLEXPRESS01']/Database[@Name='DBBookingTicket']/Table[@Name='TripSeats' and @Schema='dbo']/ForeignKey[@Name='FK_TripSeats_Seats_SeatId']","object_type":"ForeignKey"}},{"cell_type":"markdown","source":["# [FK_TripSeats_Trips_TripId]"],"metadata":{"urn":"Server[@Name='Hi\\SQLEXPRESS01']/Database[@Name='DBBookingTicket']/Table[@Name='TripSeats' and @Schema='dbo']/ForeignKey[@Name='FK_TripSeats_Trips_TripId']","object_type":"ForeignKey"}},{"outputs":[],"execution_count":0,"cell_type":"code","source":["ALTER TABLE [dbo].[TripSeats]  WITH CHECK ADD  CONSTRAINT [FK_TripSeats_Trips_TripId] FOREIGN KEY([TripId])\r\nREFERENCES [dbo].[Trips] ([TripId])\r\n","GO\r\n","ALTER TABLE [dbo].[TripSeats] CHECK CONSTRAINT [FK_TripSeats_Trips_TripId]\r\n","GO\r\n"],"metadata":{"urn":"Server[@Name='Hi\\SQLEXPRESS01']/Database[@Name='DBBookingTicket']/Table[@Name='TripSeats' and @Schema='dbo']/ForeignKey[@Name='FK_TripSeats_Trips_TripId']","object_type":"ForeignKey"}},{"cell_type":"markdown","source":["# [FK_Wards_Provinces_ProvinceId]"],"metadata":{"urn":"Server[@Name='Hi\\SQLEXPRESS01']/Database[@Name='DBBookingTicket']/Table[@Name='Wards' and @Schema='dbo']/ForeignKey[@Name='FK_Wards_Provinces_ProvinceId']","object_type":"ForeignKey"}},{"outputs":[],"execution_count":0,"cell_type":"code","source":["ALTER TABLE [dbo].[Wards]  WITH CHECK ADD  CONSTRAINT [FK_Wards_Provinces_ProvinceId] FOREIGN KEY([ProvinceId])\r\nREFERENCES [dbo].[Provinces] ([ProvinceId])\r\n","GO\r\n","ALTER TABLE [dbo].[Wards] CHECK CONSTRAINT [FK_Wards_Provinces_ProvinceId]\r\n","GO\r\n"],"metadata":{"urn":"Server[@Name='Hi\\SQLEXPRESS01']/Database[@Name='DBBookingTicket']/Table[@Name='Wards' and @Schema='dbo']/ForeignKey[@Name='FK_Wards_Provinces_ProvinceId']","object_type":"ForeignKey"}}]}